Split,Name,Season,Region,Games,Win Rate,K:D,GPM,GDM,Game Duration,Kills/Game,Deaths/Game,Towers Killed,Towers Lost,FB%,FT%,DRAPG,DRA%,HERPG,HER%,DRA-15MIN,TG-15MIN,GD-15MIN,NASHPG,NASH%,CSM,DPM,WPW,VWPM,WCPM
Spring,100 Thieves,S8,NA,27,59.30%,1.08,1762,-5,38:28:00,9.4,8.7,6.8,6,70.4,63,2.11,52.2,0.41,44,0.67,0.1,-83,1.04,50.1,34.5,1783,3.9,1.13,1.76
Spring,100 Thieves Academy,S8,NA,18,38.90%,0.85,1708,-133,34:11:00,9.3,10.9,4.8,7.2,50,27.8,1.28,36.8,0.22,26.7,0.28,-0.4,-1210,0.5,34.3,34.4,1703,4.1,1.14,1.54
Spring,1907 Fenerbahce,S8,TR,32,50.00%,1.22,1825,56,34:58:00,12.5,10.2,6.2,5.9,50,46.9,1.81,54.7,0.41,44.8,0.53,0,639,0.84,51,34.6,1869,4.2,1.24,1.66
Spring,6Sense,S8,LAN,22,36.40%,0.83,1726,-105,37:30:00,11.8,14.1,6,8.1,50,45.5,1.77,43.2,0.45,47.6,0.36,-0.5,-549,0.77,40.9,32.4,1834,3.8,1.23,1.36
Spring,7th Heaven,S8,JP,24,29.20%,0.85,1697,-172,35:42:00,9,10.6,4,7.7,50,37.5,1.33,37.1,0.25,31.6,0.38,-0.2,-404,0.54,30.2,34.8,1589,4.4,1.08,1.76
Spring,Ad Hoc Gaming,S8,EUW,3,0.00%,0.5,1582,-415,38:26:00,8,16,1.7,10.3,-,33.3,1.33,35.6,0.67,66.7,1.33,-0.3,-1729,0,0,33.3,1901,3.3,1.07,1.52
Spring,Afreeca Freecs,S8,KR,49,65.30%,1.26,1907,112,37:33:00,8.9,7,7.2,4.7,55.1,59.2,2.12,56.2,0.39,55.9,0.53,0.1,245,1.29,65,38.5,1718,5.3,1.54,2.33
Spring,ahq e-Sports Club,S8,TW,33,45.50%,0.91,1802,-23,39:31:00,9.3,10.3,6.1,6.4,48.5,54.5,1.73,47.6,0.48,69.6,0.35,-0.1,-23,0.94,53.2,36.6,1865,4.6,1.28,2.28
Spring,Ascension Gaming,S8,SEA,6,33.30%,0.82,1759,-58,34:56:00,12.2,14.8,5.2,6.8,-,33.3,1.17,28.1,0.17,20,0.17,-0.5,-1126,0.67,41.7,33.4,2011,3.4,1.07,1.19
Spring,Asus ROG Army,S8,ES,28,46.40%,0.84,1769,-14,34:58:00,9.5,11.3,6,6.6,25,28.6,1.54,44,0.32,56.3,0.25,0.1,449,0.39,39.6,34.5,1944,4.4,1.33,1.75
Spring,Avant Gaming,S8,OCE,28,50.00%,1.03,1823,19,34:59:00,12.6,12.2,6.6,6.2,32.1,46.4,1.82,52.3,0.46,56.5,0.61,-0.1,433,0.86,48.1,34,1995,4.1,1.15,1.37
Spring,BAUSuperMassive,S8,TR,46,82.60%,1.5,1985,297,30:30:00,15.4,10.3,8.5,3.3,50,73.9,2.26,73.2,0.57,65,1,0.9,1392,1.09,81.5,33.7,2176,3.9,1.2,1.34
Spring,bbq Olivers,S8,KR,44,38.60%,0.97,1785,-104,39:50:00,8.5,8.8,5.4,7.4,52.3,38.6,1.52,35.5,0.55,60,0.27,-0.1,-238,1.11,49,36.5,1671,4.8,1.35,2.03
Spring,Bilibili Gaming,S8,CN,50,58.00%,1.1,1848,34,34:47:00,11,10.1,6.3,5.6,58,52,1.66,48.7,-,-,-,-,-,0.96,58.7,35,2041,4.2,1.22,1.81
Spring,Bombers,S8,OCE,22,22.70%,0.65,1691,-223,34:37:00,8.2,12.6,4.1,8.2,45.5,36.4,1.55,46.5,0.32,31.8,0.45,-0.7,-994,0.5,34.9,34.5,1793,4,1.12,1.52
Spring,Cherry Gaming,S8,VN,34,50.00%,0.97,1845,-37,33:13:00,13.3,13.7,6,6.1,52.9,41.2,1.38,50.9,0.32,45.8,0.35,-0.4,-760,0.97,58.9,34.2,2099,4.3,0.9,1.5
Spring,Chiefs eSports Club,S8,OCE,32,71.90%,1.5,1927,181,32:06:00,15.2,10,7.7,4.9,43.8,50,1.75,58.2,0.5,53.3,0.58,0.4,910,0.94,72.8,34.7,2007,3.7,1.16,1.52
Spring,CLG Academy,S8,NA,18,55.60%,1.13,1810,0,36:47:00,12.2,10.8,6.4,6.4,22.2,38.9,1.67,42.5,0.61,64.7,0.44,0,-9,0.89,50.9,34.4,1881,3.9,1.13,1.63
Spring,Cloud9,S8,NA,23,52.20%,1.03,1837,73,37:11:00,10.7,10.4,6.9,5.6,52.2,73.9,1.78,46.2,0.52,57.1,0.61,0.6,1098,0.96,56.5,36.2,2050,4,1.12,1.68
Spring,Cloud9 Academy,S8,NA,22,59.10%,1.15,1876,116,35:24:00,13.2,11.4,7.2,5.8,54.5,59.1,2.05,59.6,0.41,40.9,0.59,0.4,828,0.77,53.4,34.8,2150,4.1,1.09,1.45
Spring,Clutch Gaming,S8,NA,32,50.00%,1.05,1757,-30,36:40:00,8.6,8.2,5.8,6.4,21.9,37.5,1.97,47.4,0.41,41.9,0.63,-0.6,-842,0.91,53.2,34.9,1744,4.2,1.27,1.62
Spring,Clutch Gaming Academy,S8,NA,18,44.40%,1.01,1756,-36,38:54:00,11.8,11.7,6.2,6.2,44.4,66.7,1.61,43.4,0.33,40,0.44,0.2,130,0.94,47.6,32.9,2020,4,1.05,1.55
Spring,CNB e-Sports Club,S8,BR,24,45.80%,0.81,1743,-111,35:21:00,11.7,14.5,5.9,7.4,29.2,41.7,1.63,49.3,0.33,38.1,0.71,-0.2,-934,0.71,39.6,32.5,1997,3.8,1.06,1.52
Spring,Counter Logic Gaming,S8,NA,18,38.90%,0.89,1751,-115,38:13:00,10.4,11.8,5.4,7.8,61.1,50,1.78,45.3,0.33,46.2,0.56,0.2,-14,0.61,28.7,34.1,2119,4.1,1.2,1.68
Spring,Dark Horse,S8,LAS,21,14.30%,0.58,1617,-273,34:50:00,7.2,12.5,3.7,8.6,38.1,38.1,1.24,31.5,0.48,47.6,0.38,-0.6,-776,0.29,19.2,32.3,1578,4.8,1.51,1.58
Spring,Dark Passage,S8,TR,31,38.70%,0.97,1749,-88,33:52:00,10.1,10.5,4.9,7.2,67.7,51.6,1.52,46,0.52,51.6,0.45,-0.2,510,0.81,41.4,34.1,1736,4.1,1.11,1.48
Spring,Dark Tigers,S8,CZ,9,44.40%,0.74,1674,-177,29:19:00,11.4,15.4,4.4,6.3,11.1,44.4,1.22,39.6,0.22,25,0.33,-1.8,-2565,0.56,43.8,30.9,1744,3.5,1.09,1.1
Spring,Dash9 Gaming,S8,LAN,17,52.90%,1.05,1841,80,37:19:00,11.7,11.2,7.4,6.2,41.2,58.8,1.76,49.5,0.59,71.4,0.47,0.2,688,0.88,48,35.1,1985,4.3,1.15,1.53
Spring,Detonation FocusMe,S8,JP,24,75.00%,1.58,1868,184,34:47:00,12.1,7.7,7.6,4.2,58.3,50,1.54,56,0.5,60,0.5,0.2,875,0.83,68.1,35.7,2108,4.8,1.34,1.67
Spring,Dire Wolves,S8,OCE,35,71.40%,1.33,1932,211,33:17:00,12.7,9.5,7.6,4.6,48.6,57.1,1.86,58.4,0.51,56.3,0.68,0.4,864,0.71,59.4,36.7,1999,3.6,0.97,1.51
Spring,Dragon Army,S8,CIS,15,46.70%,0.97,1741,-48,36:19:00,9.1,9.4,6.3,6.8,46.7,26.7,2.27,56.8,0.47,50,0.53,-0.2,-412,0.73,42.2,34.5,1623,4.1,1.14,1.61
Spring,E-Monkeyz Club,S8,ES,28,21.40%,0.58,1644,-270,31:48:00,8.4,14.4,3.6,8.1,32.1,14.3,0.96,30.1,0.18,29.4,0.3,-0.8,-1608,0.29,26.3,32.8,1782,3.7,1.06,1.3
Spring,Echo Fox,S8,NA,26,61.50%,1.06,1863,102,35:00:00,12.1,11.4,6.8,5.5,57.7,53.8,2.04,57.1,0.62,64,0.58,0.5,1023,0.92,53.3,35.9,2167,3.7,0.94,1.49
Spring,Echo Fox Academy,S8,NA,27,59.30%,1.19,1863,114,34:57:00,11.1,9.4,6.9,5.5,48.1,77.8,1.85,54.4,0.37,41.7,0.85,0.6,587,1.04,66.7,36.2,1902,3.8,1.01,1.33
Spring,Edward Gaming,S8,CN,56,60.70%,1.2,1865,86,32:52:00,10.7,8.9,6.4,5.2,58.9,62.5,1.8,59.4,-,-,-,-,-,0.89,61.5,35.5,1821,4.2,1.29,1.71
Spring,Elements Pro Gaming,S8,CIS,14,28.60%,0.56,1686,-236,34:07:00,7.9,13.9,4.3,7.6,21.4,64.3,1.14,32.1,0.57,66.7,0.5,-0.4,-1048,0.43,26.9,33.8,1835,4.1,1.07,1.42
Spring,eSuba,S8,CZ,14,100.00%,3.01,2158,681,25:34:00,23,7.4,9.9,0.5,92.9,92.9,1.64,87.8,0.93,92.9,0.64,2.8,5566,0.71,90.9,33.4,2671,3.6,0.87,0.96
Spring,EURONICS Gaming,S8,EUW,3,0.00%,0.43,1665,-329,36:44:00,5,11.7,3,11,66.7,33.3,0.67,17.8,0.33,50,0.33,0,-832,0.33,16.7,37.1,1555,3.4,1.28,1.45
Spring,Ever8 Winners,S8,KR,6,33.30%,0.67,1640,-259,39:15:00,7.5,11.2,3.3,8.7,50,16.7,1.33,36.4,0.33,100,0.5,-0.5,-2183,0.5,22.2,35.2,1388,4.4,1.54,1.55
Spring,EVOS Esports,S8,VN,52,65.40%,1.18,1932,149,32:19:00,13.6,11.5,7.3,5,40.4,51.9,1.5,55.5,0.35,47.4,0.41,0.4,933,0.77,57.1,36.1,2013,4.1,1.09,1.53
Spring,exceL eSports,S8,EUW,9,55.60%,0.75,1740,-87,34:34:00,9.7,12.9,6.3,6.6,55.6,44.4,2.11,45.8,0.44,50,0.78,-1,-1832,0.67,37,33.6,1848,3.8,1.06,1.25
Spring,eXtatus,S8,CZ,15,60.00%,1.19,1864,139,25:41:00,12.5,10.5,6.3,4.2,60,66.7,1.47,63.9,0.67,66.7,0.87,1.3,2068,0.53,61.5,31.6,1974,3.5,1.18,0.97
Spring,FC Schalke 04,S8,EUW,18,38.90%,0.99,1767,-44,37:42:00,9.1,9.2,5.8,7.1,50,38.9,1.67,46.8,0.39,43.8,0.5,-0.4,-194,0.72,47.2,35.6,1893,4.5,1.18,1.74
Spring,FFQTV Gaming,S8,VN,35,37.10%,0.75,1775,-154,30:44:00,11,14.5,5.3,6.7,48.6,62.9,0.74,28.4,0.34,40,0.14,0.1,-554,0.63,47.8,32.9,1898,4.1,1.05,1.41
Spring,Flash Wolves,S8,TW,52,76.90%,1.9,1904,237,33:27:00,12.2,6.4,7.9,3.8,61.5,59.6,1.81,62.4,0.62,74.4,0.54,0.3,666,1.02,74.2,35.3,1955,4.7,1.37,1.69
Spring,FlyQuest,S8,NA,18,33.30%,0.72,1731,-139,39:36:00,8.7,12.1,5.1,7.9,38.9,27.8,1.67,37.6,0.33,40,0.39,-0.6,-1155,0.94,37.5,34.8,1912,4.2,0.98,1.62
Spring,FlyQuest Academy,S8,NA,26,69.20%,1.14,1870,91,37:01:00,13.8,12.1,7.9,5.4,61.5,53.8,2.31,54.8,0.65,73.9,0.85,0,66,1.23,59.6,34.6,2130,4,1.09,1.6
Spring,Fnatic,S8,EUW,39,64.10%,1.12,1886,121,37:50:00,12.1,10.7,8.1,5.7,61.5,53.8,1.9,52.8,0.49,55.9,0.44,0.1,664,0.9,57.1,36.1,2010,4.1,1.15,1.51
Spring,FTV Esports,S8,VN,33,42.40%,0.95,1843,-72,29:19:00,12.5,13.1,4.9,6.5,54.5,36.4,1.27,54.9,0.24,34.8,0.34,-0.2,-83,0.48,36.7,34.9,2015,4,0.74,1.49
Spring,Funplus Phoenix,S8,CN,45,46.70%,0.91,1818,-41,34:44:00,12,13.2,6.2,6.2,51.1,48.9,2.02,59.1,-,-,-,-,-,0.76,51.5,34.3,1886,4.6,1.27,1.61
Spring,Furious Gaming,S8,LAS,30,50.00%,1.2,1804,46,36:32:00,11.6,9.6,6.6,6.4,56.7,50,1.63,44.5,0.43,44.8,0.3,-0.1,509,0.9,48.9,34.8,1949,4.6,1.31,1.61
Spring,G-Rex,S8,TW,38,71.10%,1.29,1863,130,36:19:00,11.9,9.2,7.4,4.8,39.5,52.6,1.82,53.7,0.39,48.4,0.41,0.1,116,0.95,60.4,36.1,1900,4.7,1.43,1.82
Spring,G2 Esports,S8,EUW,26,57.70%,1.24,1850,97,40:14:00,11.2,9,7.7,6.3,46.2,53.8,2.15,53.1,0.58,68.2,0.5,0.2,755,1.12,55.1,36.3,2082,4.6,1.28,1.9
Spring,G2 Vodafone,S8,ES,32,50.00%,1.08,1762,-45,35:24:00,11.3,10.4,6.1,7,15.6,18.8,1.63,41.5,0.13,23.5,0.56,-0.7,-1724,0.59,53.2,33.7,1851,4.2,1.09,1.52
Spring,Galakticos,S8,TR,28,10.70%,0.48,1604,-406,30:42:00,7.3,15.1,2.6,9.3,25,25,0.89,21.4,0.18,20,0.25,-1.4,-2602,0.39,19.6,31.8,1600,3.6,0.94,1.18
Spring,Gambit Esports,S8,CIS,31,77.40%,1.42,1876,206,34:49:00,13.7,9.6,7.9,3.9,64.5,54.8,2.32,65.8,0.45,53.8,0.52,0.4,848,1.1,74.2,33.9,2225,4,1.13,1.59
Spring,Gamers Origin,S8,EUW,7,71.40%,1.72,1975,345,25:46:00,13,7.6,7.9,2.9,71.4,85.7,1.43,65.5,0.86,85.7,0.71,1.4,3200,0.71,71.4,34.8,2027,3,1.15,1.21
Spring,Gaming Gaming,S8,LAN,20,40.00%,0.86,1771,-29,35:48:00,12.3,14.3,6.1,6.7,55,65,1.9,55.9,0.6,63.2,0.5,0.6,417,0.55,39.2,33.4,1982,3.9,1.01,1.43
Spring,Giants,S8,EUW,18,38.90%,0.82,1764,-86,35:27:00,9.6,11.6,5.9,6.6,27.8,38.9,1.39,42.1,0.44,57.1,0.39,-0.1,-429,0.72,45.4,34.9,1770,3.9,1.03,1.65
Spring,GIGABYTE Marines,S8,VN,46,58.70%,1.14,1900,97,32:40:00,15.1,13.3,6.7,5.2,47.8,47.8,1.91,62.1,0.59,69.2,0.5,0.1,169,0.74,55.9,35.7,2113,4.4,1.02,1.6
Spring,Golden Guardians,S8,NA,18,22.20%,0.71,1701,-218,36:43:00,8.7,12.2,4.1,8.4,38.9,38.9,1.28,31.6,0.39,41.2,0.33,-0.4,-1353,0.72,28.7,34.5,1900,4.6,1.23,1.49
Spring,Golden Guardians Academy,S8,NA,18,11.10%,0.59,1665,-294,35:30:00,8.3,14.2,3.8,9.1,44.4,33.3,1.78,41.5,0.28,29.4,0.56,-0.7,-582,0.56,23.5,33.6,1628,3.7,1.2,1.64
Spring,Griffin,S8,KR,6,83.30%,3.8,1932,276,33:07:00,9.5,2.5,7.5,2.5,50,50,1.5,48.6,0.33,66.7,0.17,-0.5,-171,0.83,75,39,1674,3.8,1.23,1.6
Spring,H2K,S8,EUW,23,43.50%,0.71,1750,-78,36:37:00,7.7,10.7,5.7,7.3,26.1,26.1,1.04,30.2,0.61,66.7,0.35,-0.3,-1062,1.04,51.8,35.1,1936,4.3,1.24,1.63
Spring,Hafnet eSports,S8,LAS,26,42.30%,0.78,1743,-73,34:59:00,9.8,12.5,6,6.7,46.2,53.8,1.92,52.8,0.46,52.2,0.77,0.1,-388,0.73,45.3,33.6,1915,4.8,1.51,1.61
Spring,Hall of Fame,S8,VN,29,10.30%,0.67,1729,-305,31:43:00,10.8,16.3,2.9,9,37.9,24.1,1.17,35.3,0.31,36,0.34,-1.3,-1990,0.34,22.6,34.2,1723,4.2,1.15,1.6
Spring,Hong Kong Attitude,S8,TW,35,31.40%,0.75,1742,-119,36:01:00,8.8,11.8,4.8,7.1,60,37.1,1.86,52.1,0.37,41.9,0.51,-0.3,-315,0.63,39,35.3,1954,4.6,1.36,1.95
Spring,HWA Gaming,S8,TR,28,39.30%,0.76,1717,-139,32:21:00,9.7,12.7,4.8,6.8,46.4,35.7,1.18,36.3,0.25,29.2,0.48,-0.3,-983,0.43,32.7,32.9,1816,4.2,1.18,1.36
Spring,Illuminar Gaming,S8,EUW,14,50.00%,0.86,1787,25,36:04:00,9.7,11.4,7,5.9,64.3,50,2.93,63,0.36,35.7,1.07,0.4,-212,0.93,58.3,34.9,1971,4.3,1.18,1.46
Spring,Infinity eSports,S8,LAN,20,55.00%,1.12,1776,49,37:19:00,11.5,10.2,7,5.6,50,70,1.65,54.9,0.45,52.9,0.35,0.4,270,0.65,47.7,33.2,2126,4.2,1.5,1.41
Spring,Inside Games,S8,CZ,10,30.00%,0.5,1614,-322,27:45:00,9.7,15.3,3.5,8.6,60,20,0.4,17.5,0.2,25,0.2,-1.2,-3077,0.4,38.9,29,1821,2.9,0.7,0.95
Spring,INTZ eSports,S8,BR,17,35.30%,0.91,1746,-104,37:40:00,11.2,12.3,5.9,7.5,52.9,47.1,1.24,35.4,0.35,50,0.41,-0.4,-594,0.71,34.3,33.6,2006,4.4,1.36,1.56
Spring,Invictus Gaming,S8,CN,51,78.40%,1.38,1978,238,31:59:00,14.8,10.7,8,3.6,39.2,72.5,1.67,61.7,-,-,-,-,-,0.98,71.5,35.5,2314,4,1.31,1.58
Spring,iNvolute,S8,CZ,8,12.50%,0.51,1608,-415,26:51:00,8.9,17.3,2.3,8.9,37.5,12.5,0.5,15.6,0,0,0.13,-2.6,-3915,0.25,25,29.9,1774,2.9,0.83,0.87
Spring,Isurus Gaming,S8,LAS,27,66.70%,1.5,1867,159,35:08:00,13.8,9.2,7.5,5.1,55.6,59.3,1.85,54.8,0.59,64,0.33,0.3,787,0.81,59.9,34.8,2108,4.9,1.5,1.72
Spring,J Team,S8,TW,33,42.40%,0.81,1771,-35,37:35:00,9.1,11.2,5.5,6.4,42.4,48.5,1.64,51.2,0.27,39.1,0.52,0.1,105,0.79,46.5,35.2,1915,4.2,1.01,1.67
Spring,JD Gaming,S8,CN,50,48.00%,1.09,1828,0,34:10:00,11,10.1,6.4,5.6,54,58,1.72,52.8,-,-,-,-,-,0.72,46.7,34.6,1850,4,1.14,1.62
Spring,Jin Air Green Wings,S8,KR,44,43.20%,1.04,1809,-43,40:35:00,9.8,9.4,6,6.9,50,50,1.93,44.6,0.43,50,0.52,0,-150,0.82,42.4,37.2,1871,4.7,1.08,1.93
Spring,KaBuM! e-Sports,S8,BR,27,70.40%,1.18,1903,170,31:14:00,12.9,10.9,7.5,4.4,63,63,1.59,53.9,0.41,42.3,0.48,0.3,781,1.04,68.6,34.4,2055,4.2,1.37,1.54
Spring,Kaos Latin Gamers,S8,LAS,35,68.60%,1.33,1849,166,32:10:00,12.8,9.7,7.5,4.1,65.7,60,2.37,72.6,0.51,60,0.91,0.7,1096,0.83,66.2,33.3,2051,4.3,1.42,1.62
Spring,Kingzone DragonX,S8,KR,62,74.20%,1.56,1954,250,35:43:00,11.9,7.6,8.2,3.6,51.6,66.1,2.35,66.3,0.31,45.2,0.65,0.3,772,1.16,75.5,37.6,1958,4.8,1.26,1.94
Spring,KIYF,S8,ES,28,32.10%,0.85,1732,-139,34:44:00,11,13,5.5,7.8,17.9,25,1.21,35.4,0.29,53.3,0.5,-0.2,-702,0.46,47.9,33.2,1875,4.2,1.32,1.25
Spring,Klik Tech,S8,EUW,9,44.40%,0.89,1831,65,34:11:00,9.9,11,6.4,5.8,44.4,44.4,1.89,49.1,0.33,37.5,0.78,-0.3,350,0.89,51.9,35.3,2066,4,1.08,1.47
Spring,Kongdoo Monster,S8,KR,51,25.50%,0.65,1689,-246,37:28:00,7.3,11.2,3.9,8,33.3,41.2,1.24,31.5,0.16,21.6,0.39,0,-696,0.63,28.6,35.1,1629,4.5,1.4,1.74
Spring,KSV eSports,S8,KR,47,48.90%,0.73,1787,-76,38:06:00,7.6,10.4,5.3,6.9,42.6,44.7,1.91,53,0.34,44.4,0.57,-0.1,-414,0.6,36.9,37.3,1823,4.5,1.48,2.26
Spring,KT Rolster,S8,KR,51,62.70%,1.28,1877,106,36:10:00,9.7,7.5,7.2,4.9,64.7,56.9,2.18,59.6,0.35,51.4,0.69,0.3,849,0.78,60.6,37.7,1871,4.8,1.42,2.06
Spring,Legacy eSports,S8,OCE,38,52.60%,0.99,1819,21,34:29:00,12.4,12.6,6.8,5.7,55.3,63.2,1.89,59.3,0.53,62.5,0.47,0.2,94,1.05,57.4,34.3,2040,4,1.12,1.45
Spring,Legatum,S8,LAS,24,29.20%,0.65,1662,-175,33:51:00,7.5,11.5,4.5,7.7,33.3,41.7,1.25,34.7,0.46,47.8,0.29,-0.4,-956,0.79,41,33.1,1674,3.8,1.2,1.58
Spring,LGD Gaming,S8,CN,49,34.70%,0.85,1812,-91,34:34:00,11,12.8,4.9,7.5,49,28.6,1.39,37.9,-,-,-,-,-,0.65,37.2,35.5,1880,4.1,1.18,1.9
Spring,M19 Team,S8,CIS,19,52.60%,1.11,1745,10,33:57:00,10.3,9.1,5.5,5.9,73.7,31.6,1.53,43,0.58,61.1,0.42,-0.4,-421,0.74,47.4,34.2,1774,3.8,1.05,1.39
Spring,Machi E-Sports,S8,TW,37,51.40%,0.97,1795,-4,39:01:00,9.9,10.3,6.3,6.1,35.1,56.8,2,49.1,0.41,50,0.39,0,-82,0.81,40,35.5,2024,4.3,1.12,2.02
Spring,MAD Lions E.C.,S8,EUW,43,76.70%,1.42,1923,259,30:42:00,11.9,8.4,8,3.7,41.9,46.5,1.95,64.5,0.42,64.3,0.8,0.6,1367,0.58,68.3,36.1,1973,3.8,1.15,1.47
Spring,MAD Team,S8,TW,42,42.90%,0.97,1767,-47,38:15:00,10,10.3,5.7,7,54.8,50,1.69,46.7,0.36,44.1,0.36,0,-92,0.95,46.2,34.8,1892,4.7,1.38,1.72
Spring,Majestic Lions,S8,CZ,12,33.30%,0.7,1674,-239,30:02:00,11.7,16.8,4.3,7.3,25,25,1.25,40.3,0.25,30,0.42,-1,-1980,0.5,31.8,31.2,1920,3.2,0.93,1.08
Spring,Millenium,S8,EUW,6,66.70%,1.56,1811,107,36:17:00,13.5,8.7,7,6.3,50,50,1.17,31.9,0.5,60,0.5,-0.8,-745,1,63.9,33.7,2105,4,1.51,1.45
Spring,Misfits,S8,EUW,18,44.40%,1.13,1794,-4,39:02:00,10.6,9.4,5.7,7.1,66.7,55.6,2.22,53.6,0.67,66.7,0.61,0,310,1.11,51.4,35.9,1904,4.9,1.52,1.96
Spring,Misfits Academy,S8,EUW,5,40.00%,1,1708,-132,30:53:00,10,10,6,7,60,60,1.4,39.3,0.6,60,0.4,1.2,1184,0.6,40,31.5,1787,3.5,1.32,1.26
Spring,Movistar Riders,S8,ES,43,58.10%,1.26,1816,78,34:28:00,12,9.7,6.8,5.6,32.6,41.9,1.95,61.4,0.33,53.8,0.38,0.4,782,0.44,60.9,34.8,1875,4.5,1.2,1.52
Spring,MVP,S8,KR,52,36.50%,0.72,1779,-96,36:58:00,7.6,10.5,4.6,7.2,51.9,50,1.98,47.4,0.38,54.1,0.63,-0.2,143,0.71,36.6,36.5,1883,4.4,1.21,1.9
Spring,Ninjas In Pyjamas,S8,EUW,10,50.00%,0.84,1818,24,33:17:00,9.8,11.7,7.4,5.6,40,50,1.3,35,0.6,66.7,0.6,0.3,30,0.9,53.3,35,1776,3.8,1.3,1.35
Spring,OMG,S8,CN,42,31.00%,0.78,1764,-157,34:07:00,10.9,14,4.8,7,28.6,28.6,1.31,35.3,-,-,-,-,-,0.57,34.6,34.5,1753,4,1,1.62
Spring,OpTic Gaming,S8,NA,18,27.80%,0.78,1695,-157,39:11:00,8.6,11,5.1,7.4,55.6,22.2,1.5,34,0.33,40,0.28,-0.4,-1061,1,43,33.3,1712,4.3,1.2,1.65
Spring,OpTic Gaming Academy,S8,NA,18,33.30%,0.79,1755,-84,34:05:00,9.1,11.5,5.2,6.8,50,50,1.61,48.2,0.56,58.8,0.56,-0.3,-331,0.5,35.2,34.3,1803,4.4,1.17,1.53
Spring,Order,S8,OCE,29,65.50%,1.37,1881,127,33:16:00,15.1,11,7.1,4.5,58.6,58.6,2.07,62.6,0.62,69.2,0.66,0.4,207,0.79,61.6,34.3,2279,4.1,1.23,1.45
Spring,Origen,S8,EUW,14,78.60%,1.69,1863,145,36:01:00,14.3,8.4,7.5,5.6,35.7,50,2.43,63.9,0.36,41.7,0.79,0.2,700,1.14,67.9,34.5,2149,4.4,1.18,1.68
Spring,paiN Gaming,S8,BR,19,36.80%,0.9,1736,-89,38:13:00,9,9.9,5.6,7.3,47.4,63.2,1.47,46.8,0.37,38.9,0.32,0.2,-152,1.05,50.9,34,1896,4.1,1.2,1.64
Spring,Penguins,S8,ES,33,33.30%,0.76,1712,-155,33:28:00,10.2,13.5,5.3,7.7,36.4,30.3,1.76,47.5,0.3,45.5,0.52,-0.6,-902,0.45,29,33.3,1704,3.8,1.17,1.58
Spring,Pentagram,S8,JP,33,63.60%,1.19,1846,121,34:22:00,10.8,9.1,6.9,4.5,45.5,63.6,2.15,60.3,0.42,58.3,0.63,0.3,996,0.73,55.9,35.4,2031,3.9,1.12,1.68
Spring,Predators eSports,S8,LAN,17,52.90%,0.79,1751,-63,35:30:00,10,12.6,6.2,7.1,29.4,35.3,1.47,39.1,0.24,26.7,0.59,-0.5,-986,1.18,59.8,33.1,1643,4,1.24,1.35
Spring,ProGaming eSports,S8,BR,23,47.80%,1.21,1772,0,38:33:00,12.7,10.5,6.9,6.7,65.2,52.2,1.83,44.8,0.52,63.2,0.48,0.2,755,0.96,49.3,32.6,1996,4.9,1.79,1.63
Spring,Rainbow7,S8,LAN,25,76.00%,1.94,1902,233,37:36:00,15.8,8.2,8,4.5,68,48,2.28,63.8,0.52,61.9,0.52,0.2,1422,1.12,71.2,35.1,2091,3.5,1.04,1.53
Spring,Rascal Jester,S8,JP,24,29.20%,0.9,1697,-180,36:32:00,11.7,13,4.6,8,50,37.5,1.29,39.7,0.17,21.1,0.38,-0.5,-962,0.75,40.9,33.1,1781,3.6,1.08,1.46
Spring,Rebirth eSports,S8,LAS,30,76.70%,1.18,1827,132,35:51:00,11.6,9.8,7.9,4.9,46.7,46.7,1.97,60.6,0.43,48.1,0.67,0,-220,1.03,67.5,33.8,2085,4.2,1.36,1.67
Spring,Red Canids,S8,BR,21,66.70%,1.38,1851,96,38:25:00,12.4,9,7.1,6,42.9,38.1,1.86,50,0.43,50,0.33,-0.1,314,1.14,54.4,35.8,1995,3.7,1.1,1.64
Spring,Roccat,S8,EUW,21,38.10%,0.83,1760,-51,39:05:00,8.1,9.8,6,6.8,52.4,52.4,1.38,40.2,0.43,47.4,0.29,0.2,-80,0.9,39.9,35.8,1784,4.6,1.52,1.7
Spring,Rogue Warriors,S8,CN,55,63.60%,1.13,1897,94,32:20:00,12.1,10.7,6.5,4.9,41.8,63.6,1.91,60.8,-,-,-,-,-,0.87,61.3,35.7,1969,4.4,1.19,1.71
Spring,RoX,S8,CIS,23,65.20%,1.36,1835,135,32:54:00,12.1,8.9,6.5,4.4,43.5,73.9,1.7,57.7,0.43,52.6,0.48,0.3,116,0.87,65.2,33.7,2079,3.4,1.02,1.23
Spring,ROX Tigers,S8,KR,45,48.90%,0.91,1816,-7,37:18:00,9.2,10.1,6.4,5.9,57.8,66.7,1.8,48.5,0.53,66.7,0.51,0.2,185,0.82,50.8,36,1825,4.7,1.13,1.86
Spring,Royal Bandits,S8,TR,35,71.40%,1.74,1895,255,29:54:00,11.8,6.8,7.7,3.5,65.7,65.7,1.89,68.1,0.49,56.7,0.69,0.9,1346,0.86,73.4,34.8,1803,4.1,1.05,1.44
Spring,Royal Never Give Up,S8,CN,79,65.80%,1.43,1894,137,34:15:00,12.5,8.8,7.1,4.8,50.6,58.2,2.14,63,0.06,33.3,0.72,0.2,617,0.84,61.8,36.1,1906,4.1,1.18,1.73
Spring,Sin Gaming,S8,OCE,24,25.00%,0.64,1712,-235,32:44:00,9.5,14.8,4.2,8,58.3,33.3,0.96,30.6,0.17,20,0.33,-0.8,-1449,0.67,31.2,33.9,1689,4.1,0.97,1.27
Spring,SK Telecom T1,S8,KR,53,49.10%,1.1,1842,45,38:57:00,9.5,8.7,6.2,5.8,35.8,30.2,2.19,54.3,0.32,40.5,0.64,-0.3,-597,0.87,52.4,37.1,1898,4.8,1.28,2.06
Spring,Snake Esports,S8,CN,49,53.10%,0.96,1874,40,36:13:00,10.6,11,6.2,6.1,53.1,38.8,1.86,53.1,-,-,-,-,-,0.88,51.9,37.1,1905,5.1,1.28,1.84
Spring,SPG eSports,S8,EUW,5,20.00%,0.52,1581,-368,33:30:00,6.4,12.4,2.4,9.4,40,20,1.4,30,0,0,0.4,-0.6,-1363,0.2,10,33.7,1819,3.1,0.98,1.39
Spring,Splyce,S8,EUW,31,58.10%,1.19,1785,11,37:55:00,9.7,8.2,6.6,6.3,71,48.4,1.77,50.3,0.26,29.6,0.61,-0.3,-427,0.9,53.5,34.6,1706,4.2,1.36,1.78
Spring,Suning Gaming,S8,CN,48,52.10%,1.16,1862,44,35:40:00,12.1,10.4,6.4,5.9,60.4,58.3,1.58,49.7,-,-,-,-,-,0.79,49.6,35.7,1877,4.2,1.11,1.73
Spring,Team Afro,S8,TW,34,29.40%,0.74,1697,-220,38:03:00,9.4,12.7,4.1,7.9,52.9,32.4,1.41,37.2,0.18,31.6,0.31,-0.2,-489,0.68,30.7,34.1,1945,4.8,1.32,1.72
Spring,Team Atlantis,S8,EUW,5,20.00%,0.81,1670,-181,37:23:00,10.8,13.4,4.8,8.4,20,20,2.4,60,0.4,66.7,0.6,-0.8,-1005,0.8,33.3,32.7,2115,3.7,0.95,1.48
Spring,Team Aurora,S8,TR,39,38.50%,0.8,1758,-106,33:30:00,11,13.8,5.3,6.9,53.8,43.6,1.44,39.1,0.59,63.9,0.51,-0.2,-541,0.54,37.5,33.8,1903,3.7,1.04,1.48
Spring,Team Just Alpha,S8,CIS,19,47.40%,1.03,1811,38,34:28:00,12,11.7,6.4,6.1,52.6,52.6,1.79,49.1,0.63,66.7,0.84,0.2,747,0.84,51.8,34.3,2002,4.3,1.38,1.55
Spring,Team Liquid,S8,NA,41,61.00%,1.19,1844,95,33:48:00,10.6,8.9,6.7,5.2,51.2,53.7,2.37,62.4,0.49,55.6,0.78,0,351,0.83,61.4,35.9,1850,4.2,1.29,1.57
Spring,Team Liquid Academy,S8,NA,23,65.20%,1.21,1871,91,32:16:00,13.5,11.2,7,5.1,69.6,39.1,1.78,51.2,0.48,50,0.7,0,-280,0.87,60.6,34.2,2018,4,1.17,1.5
Spring,Team oNe eSports,S8,BR,15,26.70%,0.54,1716,-186,36:12:00,8.1,14.9,4.5,8.3,33.3,40,2,52.9,0.27,30.8,0.6,-0.3,-705,0.47,22.2,34,1919,4.2,1.34,1.48
Spring,Team SoloMid,S8,NA,24,58.30%,1.19,1866,122,38:19:00,10.1,8.5,7.7,5.2,58.3,62.5,2.5,62.6,0.54,56.5,0.63,0.2,706,1,54.9,36.6,1982,4.2,1.15,1.43
Spring,Team Vitality,S8,EUW,32,50.00%,0.85,1782,-35,35:47:00,9.3,11,6.4,6.5,43.8,62.5,2.06,59,0.47,53.6,0.69,0.4,369,0.84,42.8,35.1,1894,4.3,1.23,1.63
Spring,Team WE,S8,CN,51,49.00%,1.02,1819,-11,36:02:00,11,10.8,5.8,6.2,60.8,52.9,1.8,49.6,-,-,-,-,-,0.94,50.4,35.3,1814,4.4,1.08,1.8
Spring,Tectonic,S8,OCE,22,9.10%,0.49,1655,-384,34:29:00,9,18.4,2.7,9.8,50,27.3,0.41,10.2,0.32,36.8,0.14,-0.7,-1451,0.32,9.8,32.8,1839,3.5,0.92,1.29
Spring,Topsports Gaming,S8,CN,44,25.00%,0.65,1722,-227,35:43:00,8.9,13.5,4.4,8.3,45.5,38.6,1.25,31.6,-,-,-,-,-,0.55,26.4,34.5,1733,4.3,0.95,1.68
Spring,TSM Academy,S8,NA,18,44.40%,0.84,1785,-13,38:48:00,9.4,11.3,6.1,6.7,44.4,38.9,2.22,60.7,0.5,75,0.5,-0.1,372,1.11,51.1,34.8,2113,3.8,1.02,1.43
Spring,Ultimate,S8,VN,40,57.50%,1.07,1877,45,32:29:00,12.5,11.7,7,5.1,60,65,1.43,47.8,0.45,60,0.45,0.5,622,0.73,50.8,35.2,1963,4.2,0.95,1.54
Spring,Unicorns Of Love,S8,EUW,18,33.30%,0.88,1741,-105,38:54:00,9.9,11.3,5.5,7.3,38.9,61.1,2.06,56.4,0.28,31.3,0.22,-0.1,-247,0.89,38.3,34.6,1893,4.5,1.14,1.68
Spring,Universidad Catolica,S8,LAS,21,23.80%,0.68,1667,-214,35:00:00,8.6,12.7,4.1,8.3,42.9,42.9,1.24,33.3,0.29,33.3,0.24,-0.5,-995,0.57,28.2,33.3,1695,4.2,1.31,1.62
Spring,Unsold Stuff Gaming,S8,JP,28,53.60%,1.15,1864,105,35:48:00,12.3,10.6,6.6,5.8,50,50,1.86,54.2,0.54,68.2,0.63,0.2,306,0.89,55.9,35.5,2002,4.9,1.41,1.65
Spring,V3 Esports,S8,JP,25,36.00%,0.55,1698,-179,36:01:00,8,14.6,5.4,7.4,44,48,1.6,42.2,0.52,54.2,0.52,0,-1038,0.8,36.9,33.1,1801,3.9,1.32,1.52
Spring,Vaevictis eSports,S8,CIS,14,7.10%,0.55,1614,-264,34:13:00,7.5,13.7,3.2,8.4,42.9,50,1.43,38,0,0,0.43,-0.1,-224,0.57,23.2,32.3,1777,3.9,0.95,1.38
Spring,Vega Squadron,S8,CIS,14,35.70%,0.69,1671,-163,36:39:00,8.7,12.6,5,7.5,57.1,42.9,1.21,37.1,0.14,18.2,0.5,-0.1,-631,0.57,35.3,32.8,1880,3.9,1.08,1.57
Spring,Vici Gaming,S8,CN,43,20.90%,0.55,1696,-268,33:30:00,7.4,13.5,3.8,8.3,44.2,23.3,0.88,26.5,-,-,-,-,-,0.53,28.6,34.7,1720,4.1,1.09,1.77
Spring,Vivo Keyd,S8,BR,28,57.10%,1.16,1837,94,34:38:00,12.4,10.6,7.3,5.5,60.7,53.6,1.82,60.9,0.61,68,0.29,0,98,1.07,64.6,34.3,1923,4.3,1.44,1.41
Spring,Vodafone Giants Gaming,S8,EUW,32,68.80%,1.46,1866,158,33:17:00,14.8,10,7.9,4.8,53.1,43.8,2.13,65.8,0.41,68.4,0.6,0.8,1800,0.63,70.8,33.4,2116,4,1.08,1.38
Spring,Wind And Rain,S8,EUW,3,0.00%,0.41,1617,-321,33:28:00,7,17,3,9.7,33.3,33.3,1,26.1,0.33,33.3,0.67,-0.7,-2494,0.33,16.7,32.3,1651,3.7,1.72,1.36
Spring,Young Generation,S8,VN,39,53.80%,1.04,1892,39,34:29:00,13.8,13.1,6.5,6.8,56.4,56.4,1.56,48,0.38,48.4,0.54,0.2,591,0.77,54.2,35.6,2156,4.8,1.36,1.85
Spring,YouthCrew Esports,S8,TR,37,51.40%,0.9,1791,-30,31:46:00,10.6,11.9,6,5.8,32.4,40.5,1.7,53.4,0.49,54.5,0.75,-0.1,-902,0.68,48.1,34.3,1863,3.8,1.06,1.57
Spring,Zaga Talent Gaming,S8,LAN,13,23.10%,0.52,1627,-332,32:03:00,7,13.5,3.4,9,53.8,7.7,0.92,28.6,0.15,15.4,0.31,-0.8,-2425,0.54,30.8,32.5,1558,4,0.91,1.33
Summer,100 Thieves,S8,NA,42,50.00%,1.01,1760,-16,35:43:00,12,11.9,6.2,6.3,57.1,50,1.6,44,0.33,35,0.5,-0.1,-407,0.79,54.8,33.1,1810,3.2,1.28,1.47
Summer,100 Thieves Academy,S8,NA,23,52.20%,0.96,1786,41,32:27:00,11,11.4,6.7,5.7,52.2,52.2,1.87,53.4,0.39,39.1,0.61,0.5,-40,0.65,50,33.8,1806,3.1,1.16,1.16
Summer,1907 Fenerbahce,S8,TR,36,52.80%,0.98,1768,14,35:15:00,14.8,15,6,5.6,33.3,52.8,1.86,49.4,0.58,60,0.43,0.3,-64,0.72,56.9,32.5,1988,3.1,1.23,1.58
Summer,6Sense,S8,LAN,17,41.20%,0.6,1724,-162,33:34:00,11.6,19.4,5.7,6.8,41.2,35.3,1.53,43.1,0.35,35.3,0.76,-0.9,-1434,0.76,44.8,32.1,1752,3.1,1.33,1.03
Summer,Afreeca Freecs,S8,KR,70,55.70%,1.21,1799,80,35:56:00,10,8.2,6.3,5.3,52.9,45.7,1.91,50.7,0.44,53.4,0.47,0.1,362,0.71,50.8,35.5,1619,4.2,1.56,1.76
Summer,ahq e-Sports Club,S8,TW,32,28.10%,0.71,1680,-167,36:07:00,8.9,12.5,4.8,7.9,31.3,40.6,1.56,39,0.5,55.2,0.41,-0.5,-1186,0.47,23.9,33.3,1640,3.6,1.46,1.53
Summer,ArkAngel,S8,SEA,6,50.00%,0.93,1781,-63,30:24:00,15.7,16.8,5.5,7.5,83.3,33.3,2,58.3,0.33,33.3,0.83,-0.7,85,0.5,41.7,30.9,2127,3,1.08,1.24
Summer,Ascension Gaming,S8,SEA,22,59.10%,1.11,1857,60,32:52:00,17,15.2,6.9,5.5,50,50,1.68,50.7,0.59,61.9,0.55,-0.5,-96,0.64,53.8,33.4,2062,3.1,1.11,1.22
Summer,Asus ROG Army,S8,ES,28,35.70%,0.84,1743,-110,34:23:00,12.9,15.4,6,7.5,46.4,39.3,1.86,48.9,0.61,60.7,0.68,-0.4,-462,0.68,44,31.6,1876,3.2,1.19,1.19
Summer,Asus ROG Elite,S8,EUW,8,50.00%,1.05,1798,-7,30:20:00,13.6,13,5.6,5.5,37.5,75,1.75,55.8,0.63,62.5,0.75,0.4,302,0.63,43.8,33.8,1840,2.6,0.89,1.06
Summer,Avant Gaming,S8,OCE,25,36.00%,0.81,1748,-113,30:00:00,10.8,13.4,4.4,6.8,52,40,1.48,45,0.4,43.5,0.65,-0.3,-98,0.44,41.3,33.6,1636,2.9,1.13,1.09
Summer,BAUSuperMassive,S8,TR,49,63.30%,1.24,1848,141,33:13:00,16.7,13.3,7.3,4.6,53.1,73.5,2.1,63.8,0.59,61.7,0.65,0.8,1281,0.76,62.5,32.2,2222,3.1,1.24,1.2
Summer,bbq Olivers,S8,KR,48,20.80%,0.69,1634,-220,35:19:00,6.9,10.1,3.7,8.1,35.4,35.4,1.25,31.1,0.5,52.2,0.33,-0.4,-824,0.4,26,33.6,1465,3.5,1.42,1.32
Summer,Bigetron E-Sports,S8,SEA,6,16.70%,0.43,1559,-492,27:42:00,8.3,19.5,2.7,9.2,-,16.7,0.67,33.3,0.17,16.7,0.5,-1.2,-3215,0.17,16.7,30.6,1606,2.7,0.86,0.84
Summer,Bilibili Gaming,S8,CN,48,37.50%,0.72,1737,-124,33:07:00,10.1,14,4.9,7.1,37.5,37.5,1.44,39.5,-,-,-,-,-,0.6,45.8,33.4,1824,3.1,1.34,1.44
Summer,Bombers,S8,OCE,28,35.70%,0.87,1700,-150,32:44:00,10.9,12.5,5,7.4,42.9,32.1,1.54,40.1,0.57,61.5,0.46,-0.7,-1236,0.57,36.9,32.1,1671,3,1.35,1.07
Summer,Bursaspor Esports,S8,TR,32,37.50%,0.79,1718,-141,31:36:00,10.8,13.8,4.4,7.4,37.5,18.8,1.38,41.5,0.38,38.7,0.71,-1.4,-1980,0.41,38.7,32.8,1642,3.4,1.46,1.16
Summer,Cherry Gaming,S8,VN,33,30.30%,0.79,1784,-128,28:09:00,13.8,17.5,4.5,7,36.4,51.5,1.12,41.8,0.48,50,0.52,-0.2,-472,0.36,35.6,32.1,1960,3,1.12,1.07
Summer,Chiefs eSports Club,S8,OCE,35,71.40%,1.38,1892,176,33:19:00,16.7,12.1,7.7,4.6,51.4,62.9,2.17,66.2,0.66,65.7,0.74,0.4,544,1.06,71.2,33.2,1950,3,1.23,1.21
Summer,CLG Academy,S8,NA,31,58.10%,1.1,1762,5,32:43:00,12.7,11.5,6,6.1,54.8,48.4,1.71,52.6,0.52,55.2,0.58,-0.2,-301,0.71,57.1,32.8,1748,2.9,1.28,1.26
Summer,Cloud9,S8,NA,51,60.80%,1.07,1827,100,34:08:00,12.4,11.6,7.1,5.4,58.8,58.8,1.69,46.9,0.37,38,0.63,0.1,408,0.75,57.8,34.6,1971,3.1,1.3,1.35
Summer,Cloud9 Academy,S8,NA,26,84.60%,1.6,1905,261,32:21:00,14.4,9,8.7,3.4,46.2,65.4,1.42,47.8,0.46,50,0.35,0.4,769,0.92,72.4,33.8,2039,3.2,1.31,1.2
Summer,Clutch Gaming,S8,NA,21,28.60%,0.71,1695,-177,38:15:00,9.9,14,4.4,8.2,28.6,38.1,1.33,30.7,0.52,55,0.6,-0.2,-781,0.52,32.5,33.6,1785,3.4,1.34,1.48
Summer,Clutch Gaming Academy,S8,NA,23,52.20%,0.98,1756,4,37:37:00,12.5,12.8,6.7,5.9,47.8,43.5,2,50.4,0.48,50,0.65,0.1,243,0.74,46.6,33.1,1948,3.4,1.37,1.3
Summer,CNB e-Sports Club,S8,BR,24,50.00%,0.82,1776,-40,31:53:00,12.9,15.7,6.4,6,45.8,62.5,1.46,44.4,0.58,58.3,0.5,0.8,-164,0.5,42,31.6,1816,3.1,1.12,1.27
Summer,Counter Logic Gaming,S8,NA,18,38.90%,1.05,1734,-74,36:46:00,10.9,10.3,5.6,7.6,72.2,50,2.17,51.4,0.44,44.4,0.5,-0.3,277,0.78,39.8,33.8,1621,3.6,1.46,1.39
Summer,Crest Gaming,S8,JP,25,36.00%,0.94,1653,-128,36:51:00,11.3,12,4.8,7.3,60,36,1.56,35.3,0.44,45.8,0.32,-0.2,-413,0.68,44.4,31.2,1932,3.4,1.25,1.35
Summer,Crvena Zvezda Esports,S8,EUW,6,16.70%,0.45,1565,-381,31:09:00,5.8,12.8,3,9.3,33.3,33.3,1.33,36.7,0.33,33.3,0.83,-0.7,-2569,0,0,32.5,1400,3.2,1.2,1.08
Summer,Cube Adonis,S8,VN,46,58.70%,1.12,1893,81,30:08:00,16.4,14.5,6.5,5.4,47.8,50,1.26,48.4,0.52,54.5,0.37,0,7,0.72,63.6,33.8,2061,3.3,1.47,1.28
Summer,DAMWON Gaming,S8,KR,6,83.30%,1.49,1866,178,37:31:00,14.7,9.8,7.8,3.8,33.3,33.3,2,46.4,0.17,20,0.83,-0.2,-493,0.67,58.3,34.6,1954,3.5,1.49,1.65
Summer,Dark Horse,S8,LAS,21,19.00%,0.57,1599,-292,32:52:00,8.7,15.3,4,8.8,52.4,42.9,1.19,34,0.62,61.9,0.38,-0.8,-1756,0.38,27.5,30.6,1516,3,1.36,1.02
Summer,Dark Passage,S8,TR,36,47.20%,0.86,1756,-52,31:31:00,11,12.8,5.5,6.3,47.2,52.8,1.58,48.3,0.5,50,0.53,0.1,-326,0.58,47.6,33.7,1733,2.8,1.05,1.16
Summer,Dark Tigers,S8,CZ,11,45.50%,0.93,1837,-44,34:50:00,18.1,19.5,6.5,6.9,72.7,45.5,1.36,37.4,0.73,72.7,0.36,-0.5,-581,0.64,48.3,32.5,2157,2.2,0.77,0.91
Summer,Dash9 Gaming,S8,LAN,26,61.50%,1.27,1817,102,37:59:00,14.2,11.2,7.1,5.6,57.7,46.2,2.46,57,0.54,56,0.65,-0.2,77,0.85,55.2,34.1,2075,3.4,1.22,1.4
Summer,Detonation FocusMe,S8,JP,37,70.30%,1.32,1864,199,30:36:00,13.6,10.3,7.7,3.6,54.1,75.7,1.49,51.9,0.62,67.6,0.51,0.8,1151,0.78,74.8,33.2,2084,3.2,1.34,1.17
Summer,Dire Wolves,S8,OCE,37,75.70%,1.43,1936,230,32:38:00,15.4,10.7,7.7,3.9,51.4,54.1,2.22,65.8,0.49,48.6,0.7,0.3,779,0.78,65.7,36,1969,2.9,1.09,1.41
Summer,Doxa Gaming,S8,PT,12,8.30%,0.43,1551,-426,31:28:00,7.9,18.5,2.5,9.2,50,25,1,33.3,0.33,33.3,0.42,-0.7,-2724,0.25,20,29.4,1814,2.9,1.12,1.09
Summer,Dragon Army,S8,CIS,23,56.50%,1.02,1724,-47,32:33:00,12.4,12.1,5.8,6,47.8,47.8,2.09,48.8,0.61,60.9,0.65,-0.2,-1099,0.65,54.5,31.7,1931,2.9,1.13,1.16
Summer,Dragons E.C,S8,ES,28,17.90%,0.71,1675,-236,31:48:00,10.1,14.1,3.7,8.7,32.1,32.1,1,26.3,0.25,25,0.32,-0.9,-1010,0.36,22.2,32.6,1773,3.1,1.19,1.18
Summer,E-Monkeyz Club,S8,ES,28,50.00%,0.96,1791,-42,29:37:00,12.1,12.7,6.3,5.9,46.4,42.9,1.96,55,0.39,40.7,1,0,-490,0.57,50,32.4,1809,3,1.09,1.09
Summer,Echo Fox,S8,NA,36,50.00%,0.82,1784,-19,32:27:00,11.4,13.9,6.3,6.1,44.4,55.6,2.03,58.2,0.42,44.1,0.74,0.4,-72,0.56,50,33.9,1942,3,1.14,1.11
Summer,Echo Fox Academy,S8,NA,18,22.20%,0.69,1680,-187,34:15:00,9.8,14.2,4.6,8.6,44.4,33.3,1.78,48.6,0.39,41.2,0.76,-0.7,-485,0.44,28.4,32.8,1779,2.8,0.9,1.21
Summer,Echo Zulu,S8,EUW,3,33.30%,0.7,1639,-173,40:02:00,15.7,22.3,4.7,9,33.3,33.3,1.33,31.1,0,0,0,-1.3,-1538,1,55.6,28.9,2341,3.2,1.37,1.04
Summer,Edward Gaming,S8,CN,77,61.00%,1.43,1828,96,33:13:00,14.3,10,6.3,5.2,61,61,2.03,62.7,0.17,81.3,0.82,0.4,1267,0.79,61.2,33.4,1822,3.2,1.42,1.45
Summer,Electronik Generation,S8,PT,12,66.70%,1.46,1845,109,34:01:00,16.3,11.2,8.4,5.3,75,41.7,1.5,46.1,0.58,58.3,0.33,-0.3,35,0.67,56.9,32,2021,3.3,1.43,1.15
Summer,Elements Pro Gaming,S8,CIS,14,14.30%,0.53,1626,-278,34:41:00,8.6,16.3,3.4,9,35.7,21.4,0.79,20.2,0.29,30.8,0.36,-0.4,-1229,0.36,23.8,32.4,1882,3,1.08,1.08
Summer,Enclave Gaming,S8,EUW,6,33.30%,0.66,1719,-137,33:46:00,10,15.2,5.2,6.8,33.3,50,1.67,44.4,0.67,66.7,0.33,0.2,-12,0.33,30,33.7,1746,3.2,1.26,1.26
Summer,eSuba,S8,CZ,17,76.50%,1.69,1897,220,31:35:00,19.1,11.3,7.5,4.1,58.8,52.9,2.06,64.3,0.82,82.4,0.71,1.2,1948,1.12,75,31.5,2000,3,1.2,1.02
Summer,eSuba,S8,CZ/SK,3,0.00%,0.43,1610,-275,40:14:00,8.3,19.3,4.7,9.3,66.7,33.3,2,35.6,0.67,66.7,1,0,-814,1,38.9,31.4,1826,2.9,1.29,1.44
Summer,EURONICS Gaming,S8,EUW,8,62.50%,0.94,1878,153,34:04:00,11.6,12.4,7.1,5.3,37.5,37.5,2.25,65.6,0.5,50,0.88,-0.6,495,1,71.3,35.9,2282,3.1,0.96,1.22
Summer,Evilvice Esports,S8,LAS,26,34.60%,0.82,1704,-124,33:14:00,11.2,13.6,4.8,7.3,38.5,50,1.35,44.5,0.46,48,0.46,-0.5,-581,0.5,38.2,32.3,1683,3,1.21,1.22
Summer,EVOS Esports,S8,VN,42,54.80%,1.11,1854,66,30:19:00,14.5,13,6.5,5.2,47.6,52.4,1.62,55,0.5,50,0.48,0,115,0.67,57.3,34.3,1983,3.3,1.32,1.24
Summer,eXtatus,S8,CZ,11,18.20%,0.55,1682,-337,31:20:00,12.8,23.3,4.2,9.1,45.5,36.4,1.27,34.1,0.18,18.2,0.45,-1,-2271,0.36,18.3,30.2,1891,2.6,0.74,0.8
Summer,FC Schalke 04,S8,EUW,37,56.80%,1.05,1757,-18,34:38:00,11.1,10.6,6.4,6.1,54.1,32.4,1.43,43.9,0.57,56.8,0.32,-0.5,-168,0.68,49.1,34,1716,3.7,1.37,1.37
Summer,FFQTV Gaming,S8,VN,36,61.10%,1.06,1885,104,28:17:00,14.8,14,6.3,4.9,55.6,61.1,1.08,42.3,0.61,62.9,0.31,0,293,0.64,56.3,33.8,1927,3,1,1.06
Summer,Flamengo eSports,S8,BR,27,63.00%,1.22,1854,128,33:16:00,14.3,11.7,7.2,5.1,55.6,40.7,2.3,59.8,0.56,57.7,0.88,-0.1,728,0.81,68.8,33.9,1924,3.8,1.35,1.52
Summer,Flash Wolves,S8,TW,44,81.80%,1.71,1875,237,31:13:00,14.1,8.1,7.7,3.5,56.8,77.3,1.98,63.6,0.66,74.4,0.85,0.9,1567,0.73,73.2,34,1907,3.5,1.47,1.39
Summer,FlyQuest,S8,NA,23,43.50%,0.9,1735,-101,33:06:00,11,12.2,5.8,7,43.5,60.9,1.65,47.8,0.61,60.9,0.61,0,-83,0.61,47,32.9,1694,3,1.22,1.22
Summer,FlyQuest Academy,S8,NA,27,51.90%,1.05,1742,3,36:32:00,13.1,12.4,6.1,6.1,40.7,63,2.07,52.6,0.56,57.7,0.7,-0.3,7,1,63.6,32.4,1975,3.4,1.48,1.49
Summer,Fnatic,S8,EUW,48,72.90%,1.33,1872,186,30:09:00,14.6,10.9,7.2,4.1,54.2,56.3,1.56,59.9,0.56,57.4,0.6,0.3,489,0.83,74.4,33.1,1925,3,1.09,1.15
Summer,For The Win eSports Club,S8,EUW,15,73.30%,1.55,1924,254,30:28:00,15.1,9.7,7.6,4.1,53.3,66.7,1.2,48.8,0.6,60,0.47,0.6,1497,0.53,57.7,34.1,1941,2.7,0.93,1.14
Summer,FTV Esports,S8,VN,33,36.40%,0.75,1800,-152,27:58:00,14.6,19.5,4.7,6.9,48.5,36.4,1.21,46.9,0.3,30.3,0.45,-0.3,-591,0.3,31.7,31.6,2123,3,1.05,1.06
Summer,Funplus Phoenix,S8,CN,49,42.90%,0.91,1761,-64,34:11:00,11.6,12.7,5.3,6.5,53.1,40.8,1.47,42.7,-,-,-,-,-,0.61,47,33.8,1719,3.4,1.36,1.36
Summer,Furious Gaming,S8,LAS,27,51.90%,1.06,1764,54,34:34:00,11.2,10.5,6.8,5.7,51.9,59.3,2.11,57.6,0.78,77.8,0.7,0.6,541,0.48,42,33.1,1645,3,1.3,1.31
Summer,G-Rex,S8,TW,62,48.40%,0.88,1711,-55,34:07:00,11.1,12.5,5.4,5.9,54.8,46.8,1.68,46.1,0.37,41.8,0.54,0.1,-45,0.65,45.5,32.7,1714,3.5,1.44,1.39
Summer,G2 Esports,S8,EUW,60,58.30%,1.27,1837,127,33:09:00,12.3,9.7,7.1,5.2,50,56.7,1.63,51.4,0.48,50,0.4,0.3,778,0.63,49.2,35.2,1870,3.5,1.33,1.42
Summer,Gambit Esports,S8,CIS,39,61.50%,1.16,1796,80,35:38:00,15.3,13.2,7.1,5.2,46.2,38.5,2.31,58.1,0.54,53.8,0.64,-0.2,215,0.69,55.6,31.9,2214,3.1,1.24,1.54
Summer,Gamers Origin,S8,EUW,5,60.00%,1.33,1886,124,37:10:00,20.2,15.2,7.2,4.6,100,60,2.2,62,0.8,80,0.6,1,1345,1.8,56,32.9,2434,3,1.36,1.3
Summer,Gaming Gaming,S8,LAN,17,29.40%,0.71,1700,-165,32:33:00,10.1,14.2,4.5,7.7,47.1,47.1,1.53,41,0.29,31.3,0.88,-0.3,-677,0.41,29.4,33.5,1603,3.1,1.1,1.35
Summer,Gen.G eSports,S8,KR,65,58.50%,1.03,1791,69,34:31:00,8.8,8.5,6.4,4.9,43.1,53.8,2.31,64.5,0.45,46.8,0.75,0.1,520,0.65,56.3,35.4,1652,3.4,1.49,1.64
Summer,Gentside,S8,EUW,13,69.20%,1.62,1792,144,32:06:00,13.5,8.3,6.5,4.2,69.2,69.2,1.31,45.1,0.54,53.8,0.54,0.5,674,0.62,62.5,32.5,1999,3.2,1.36,1.22
Summer,Giants,S8,EUW,18,27.80%,0.63,1685,-180,35:26:00,9.3,14.8,5.3,7.9,27.8,55.6,1.67,46.5,0.28,27.8,0.56,-0.3,-886,0.5,35.3,33.1,1790,3.3,1.35,1.22
Summer,GIGABYTE Marines,S8,VN,35,54.30%,1.09,1843,30,30:52:00,16.2,14.8,6.4,5.7,48.6,60,1.51,53,0.51,56.3,0.49,0.5,491,0.71,59.1,32.7,1973,3.2,1.15,1.06
Summer,Golden Guardians,S8,NA,18,27.80%,0.97,1736,-128,35:21:00,10.9,11.2,4.8,8.2,50,38.9,1.67,46.6,0.61,61.1,0.67,-0.1,-442,0.39,17.2,34.2,1790,3.3,1.34,1.22
Summer,Golden Guardians Academy,S8,NA,18,22.20%,0.76,1702,-155,35:15:00,11.2,14.7,4.9,7.9,50,44.4,1.78,44.2,0.44,47.1,0.78,-0.1,-316,0.28,28.1,32.6,1721,2.9,1.23,1.19
Summer,Griffin,S8,KR,56,62.50%,1.53,1824,107,36:21:00,11.2,7.3,6.4,5.3,46.4,51.8,1.75,45,0.41,43.4,0.48,-0.1,-21,0.82,62.9,36,1745,3.5,1.36,1.72
Summer,GrowUP,S8,PT,12,50.00%,1.14,1773,57,32:44:00,12.6,11,6.3,6,41.7,58.3,1.58,60.7,0.67,66.7,0.58,0.4,1445,0.67,55,32.1,1826,3.7,1.31,1.18
Summer,H2K,S8,EUW,18,11.10%,0.5,1643,-281,31:36:00,7.6,15,3.5,8.9,16.7,44.4,1,27.8,0.56,55.6,0.44,-0.9,-1945,0.44,30.6,33.1,1619,3,1.24,1.15
Summer,Hafnet eSports,S8,LAS,21,19.00%,0.67,1639,-251,32:23:00,10.2,15.3,4,8.4,47.6,19,0.95,30.9,0.29,28.6,0.38,-1,-1514,0.38,30.6,31.2,1583,3.1,1.31,1.11
Summer,Hanwha Life eSports,S8,KR,46,54.30%,1,1781,30,33:56:00,9.3,9.3,6.8,5.2,56.5,67.4,1.85,51.8,0.59,61.4,0.63,0.3,-75,0.76,61.7,34.3,1667,3.7,1.41,1.58
Summer,Hexagone eSports,S8,PT,12,25.00%,0.59,1659,-236,32:38:00,11.1,18.7,3.6,7.4,8.3,16.7,1.75,49.4,0.17,18.2,0.25,-0.8,-2682,0.5,31.8,31.5,1784,2.9,0.91,0.97
Summer,Hong Kong Attitude,S8,TW,42,50.00%,0.92,1760,28,34:35:00,10.3,11.1,6.3,5.6,50,52.4,1.88,52.5,0.48,51.3,0.45,-0.2,-35,0.64,53.3,34.2,1708,3.5,1.53,1.55
Summer,HWA Gaming,S8,TR,33,51.50%,0.97,1732,-62,35:33:00,12.4,12.7,6,6.8,60.6,39.4,1.73,43.6,0.42,43.8,0.52,-0.5,-365,0.67,43.9,32.2,1739,3.3,1.4,1.28
Summer,IDM Gaming,S8,BR,22,40.90%,0.83,1699,-146,32:35:00,9.8,11.9,5.1,7,45.5,31.8,1.55,47.3,0.36,38.1,0.59,0.1,-625,0.5,33.3,32.7,1589,3,1.29,1.15
Summer,Illuminar Gaming,S8,EUW,3,33.30%,0.73,1701,-71,36:55:00,10,13.7,6,8,66.7,33.3,2.67,62.2,0.33,33.3,1,-0.3,-649,1,50,33.7,1949,3.9,1.95,1.45
Summer,Infinity eSports,S8,LAN,40,62.50%,1.29,1812,99,33:34:00,14.1,10.8,6.6,4.6,47.5,60,1.7,53.3,0.55,55,0.58,0.8,544,0.73,62.5,33.1,2017,3.3,1.39,1.42
Summer,Inside Games,S8,CZ,18,44.40%,0.8,1789,-69,32:32:00,15.8,19.8,5.4,6.6,38.9,38.9,1.5,44.3,0.28,27.8,0.44,-0.3,-1070,0.56,45.1,30.8,1946,2.8,1.14,0.98
Summer,INTZ eSports,S8,BR,19,42.10%,0.91,1694,-99,34:21:00,10.7,11.7,5.9,6.6,47.4,63.2,1.58,45.1,0.42,50,0.47,-0.2,-822,0.68,50,31.7,1690,3.4,1.34,1.23
Summer,Invictus Gaming,S8,CN,80,72.50%,1.28,1937,241,30:17:00,15.2,11.9,7.6,3.8,48.8,58.8,1.76,63.1,0.15,70.6,0.44,0.6,1085,0.66,67.4,35.1,2107,3.1,1.35,1.33
Summer,Isurus Gaming,S8,LAS,29,65.50%,1.43,1831,174,35:14:00,12.1,8.5,7.2,4.7,65.5,65.5,1.76,50,0.52,53.6,0.66,0.9,1868,0.76,64.2,35.3,1748,3.5,1.57,1.39
Summer,J Team,S8,TW,52,44.20%,0.99,1722,-45,35:06:00,11.6,11.7,5.4,6.2,42.3,42.3,1.71,47.5,0.44,47.9,0.48,0,-221,0.5,38.7,33.2,1754,3.5,1.46,1.37
Summer,JD Gaming,S8,CN,70,60.00%,1.11,1809,47,33:06:00,12.3,11,6.7,5.2,57.1,51.4,1.63,49,-,-,-,-,-,0.61,55.7,33.8,1828,3.4,1.38,1.38
Summer,Jin Air Green Wings,S8,KR,45,31.10%,0.76,1680,-138,36:25:00,6.9,9.1,4.6,7.3,51.1,42.2,1.67,40.1,0.4,42.9,0.62,-0.2,-540,0.42,34.5,35.1,1541,3.8,1.52,1.75
Summer,K1ck eSports Club,S8,PT,12,91.70%,2.47,1972,389,29:30:00,16.1,6.5,9.3,2.9,83.3,91.7,2,76.4,1,100,0.42,1.8,3509,0.83,83.3,34.2,1906,3.3,1.22,1.19
Summer,KaBuM! e-Sports,S8,BR,33,60.60%,0.97,1818,55,31:21:00,12.4,12.8,6.8,5.3,30.3,54.5,1.64,53.4,0.48,50,0.41,0.1,-276,0.7,53.2,33.5,1871,3.2,1.34,1.24
Summer,Kaos Latin Gamers,S8,LAS,41,70.70%,1.29,1881,203,32:36:00,16.2,12.5,7.7,4.3,75.6,56.1,1.73,58.3,0.34,36.8,0.71,0.2,644,0.76,71.8,33,2093,3.2,1.34,1.31
Summer,Kingzone DragonX,S8,KR,54,55.60%,1.03,1796,62,33:50:00,10,9.7,6.1,4.9,57.4,59.3,2.17,61.1,0.44,54.5,0.76,0.3,444,0.61,56.9,35.6,1672,3.5,1.37,1.69
Summer,KIYF,S8,ES,33,54.50%,0.98,1804,27,32:29:00,13,13.3,6.4,5.8,42.4,51.5,1.58,48.1,0.52,51.5,0.55,0.2,37,0.79,59.6,33.3,1977,3.1,1.28,1.19
Summer,KT Rolster,S8,KR,63,68.30%,1.19,1816,115,35:34:00,10.7,8.9,7.3,4.7,61.9,68.3,1.95,57.2,0.46,56.9,0.61,0.4,668,0.84,64.3,35.3,1780,3.6,1.48,1.57
Summer,Kuala Lumpur Hunters,S8,SEA,16,37.50%,0.93,1776,-21,31:34:00,13.8,14.8,5.7,5.9,50,68.8,1.75,61.6,0.5,50,0.63,0.8,719,0.5,46.9,32.3,2004,3.6,1.38,1.33
Summer,Legacy eSports,S8,OCE,37,51.40%,0.98,1803,8,32:57:00,13.7,14,6.6,6.1,59.5,59.5,1.84,51.1,0.59,59.5,0.81,0.5,440,0.89,53.2,32.6,1947,3,1.11,1.19
Summer,Legatum,S8,LAS,24,33.30%,0.78,1648,-190,33:10:00,9.6,12.2,4.4,7.7,25,37.5,1.25,36.5,0.54,54.2,0.29,-0.4,-1048,0.54,34.8,31.8,1590,3.4,1.45,1.21
Summer,LGD Gaming,S8,CN,42,50.00%,0.95,1774,-39,31:46:00,13.3,14,5.6,6,40.5,52.4,1.64,49.2,-,-,-,-,-,0.57,50,32.4,1919,3.1,1.27,1.34
Summer,M19 Team,S8,CIS,18,61.10%,1.18,1771,93,37:56:00,13.7,11.7,7.1,6,55.6,66.7,2.83,69.2,0.78,77.8,1,0.7,1361,0.83,55.2,32.5,1985,2.9,1.18,1.38
Summer,Machi E-Sports,S8,TW,41,39.00%,0.77,1703,-80,34:39:00,8.9,11.5,5,6.5,41.5,34.1,1.73,45.1,0.24,33.3,0.55,-0.4,-432,0.61,47.4,34,1643,3,1.09,1.47
Summer,MAD Lions E.C.,S8,EUW,49,65.30%,1.24,1864,169,32:14:00,13,10.4,7.4,4.4,57.1,71.4,2.2,65.9,0.59,60.4,0.67,0.6,1261,0.76,66.3,35,1890,3.4,1.33,1.32
Summer,MAD Team,S8,TW,47,51.10%,1.17,1733,10,33:05:00,10.6,9.1,5.5,5.8,61.7,46.8,1.81,51.8,0.36,39.5,0.71,-0.1,247,0.64,57.1,33,1716,3.5,1.44,1.44
Summer,Majestic Lions,S8,CZ,15,60.00%,1.71,1871,172,35:31:00,19.2,11.1,7.2,5.3,66.7,66.7,2.67,71.6,0.6,60,0.73,0.2,1543,0.87,62.8,31.2,2058,2.9,1.09,1.07
Summer,Mammoth eSports,S8,OCE,24,37.50%,0.9,1779,-63,33:20:00,12.5,13.9,5.2,7.2,41.7,37.5,1.08,38.8,0.17,17.4,0.22,-1,-1012,0.67,50,33.3,1826,3.2,1.11,1.2
Summer,MEGA,S8,SEA,14,57.10%,1.11,1799,48,33:15:00,14.1,12.6,6.6,6,28.6,42.9,1.71,42.9,0.43,42.9,0.43,0,-316,0.64,48.8,33.1,1791,2.9,1.13,1.21
Summer,Misfits,S8,EUW,34,52.90%,1.08,1774,44,32:46:00,11.6,10.7,6.7,5.8,55.9,64.7,1.38,45.1,0.65,64.7,0.47,0.8,1225,0.71,59.7,32.5,1693,3.6,1.68,1.33
Summer,Misfits Academy,S8,EUW,3,0.00%,0.6,1592,-385,37:14:00,14.7,24.3,3.7,10.7,66.7,-,1.67,41.1,0.33,33.3,1,-0.3,-1673,0.33,11.1,29.9,2316,2.7,0.89,0.93
Summer,Mousesports,S8,EUW,7,42.90%,0.72,1741,-3,32:42:00,8.4,11.7,5.9,6,71.4,42.9,1.57,46.4,0.43,42.9,0.86,0.1,1062,0.71,57.1,35.2,1699,2.9,1.22,1.43
Summer,Movistar Riders,S8,ES,33,69.70%,1.39,1859,135,31:44:00,15,10.8,7.2,4.8,72.7,75.8,1.82,58.4,0.7,69.7,0.7,0.7,891,0.85,63,33.2,1957,3.4,1.56,1.35
Summer,MVP,S8,KR,49,26.50%,0.69,1663,-204,34:32:00,7.2,10.6,3.5,7.8,42.9,30.6,1.45,36.1,0.31,34.1,0.63,-0.6,-812,0.39,28.2,33.9,1617,3.2,1.19,1.43
Summer,Ninjas In Pyjamas,S8,EUW,17,58.80%,1.05,1816,67,30:40:00,12.4,11.8,5.8,5.3,35.3,58.8,1.53,55.8,0.47,50,0.65,0.3,865,0.59,52.9,34.4,1834,3,1.31,1.21
Summer,OMG,S8,CN,46,32.60%,0.84,1715,-144,34:04:00,10.8,12.9,4.7,7.2,50,34.8,1.59,44.6,-,-,-,-,-,0.39,31.6,33.4,1629,3.2,1.16,1.45
Summer,OpTic Gaming,S8,NA,18,50.00%,0.86,1736,-62,39:13:00,8.4,9.7,6.5,7.1,38.9,50,1.78,44.8,0.44,47.1,0.22,0.1,-288,0.83,49.1,34.2,1810,3.5,1.34,1.64
Summer,OpTic Gaming Academy,S8,NA,18,33.30%,0.81,1726,-127,33:28:00,11,13.6,4.8,7.8,44.4,50,1,30.8,0.44,47.1,0.39,0.4,175,0.5,37.5,32.9,1702,3.1,1.14,1.03
Summer,Order,S8,OCE,28,53.60%,1.02,1833,36,33:44:00,13.3,13,6.6,5.7,46.4,46.4,1.68,48,0.43,44.4,0.48,0.1,53,0.68,49.4,34.1,1962,3.3,1.23,1.22
Summer,Outplayed,S8,EUW,5,60.00%,1.74,1713,-60,36:22:00,12.2,7,7.2,6,60,20,1,25,0.4,50,0.4,-0.6,-1819,0.8,46.7,31.4,1727,3.3,1.16,1.15
Summer,Panathinaikos AC,S8,EUW,6,50.00%,1.19,1841,116,28:41:00,12.3,10.3,5.5,5,16.7,50,1,36.1,0.67,66.7,0.33,0.2,991,0.67,60,33.7,1761,3,1.08,1.19
Summer,Penguins,S8,ES,28,42.90%,0.83,1746,-112,32:39:00,11.3,13.6,5.3,7.3,50,53.6,1.82,45.7,0.36,37,0.75,-0.5,-746,0.46,29.8,33.9,1742,3.3,1.21,1.33
Summer,Pentagram,S8,JP,32,43.80%,0.91,1719,-13,35:54:00,10.4,11.5,5.8,6.3,56.3,53.1,2.03,55.1,0.44,45.2,0.69,0,300,0.47,37.5,32.7,1821,3,1.12,1.21
Summer,Phong Vu Buffalo,S8,VN,44,70.50%,1.41,1942,226,32:28:00,16.6,11.8,7.7,4.1,68.2,72.7,2.5,70,0.7,72.1,1.02,1.3,2174,0.89,62.6,35.1,2178,3.6,1.64,1.45
Summer,Pixel eSports Club,S8,LAN,14,35.70%,0.8,1715,-133,33:08:00,10.1,12.6,5,7.4,42.9,57.1,1.57,35.6,0.57,57.1,0.57,0.1,-430,0.5,33.3,32.3,1606,2.8,1.09,1.18
Summer,Predators eSports,S8,LAN,18,61.10%,1.08,1777,55,34:20:00,10.3,9.6,6.6,5.1,61.1,66.7,2.11,56.9,0.72,72.2,0.83,0.6,911,0.78,56.5,33.5,1804,3.4,1.39,1.3
Summer,ProGaming eSports,S8,BR,18,38.90%,0.83,1753,-55,36:15:00,12,14.4,5.6,7.2,50,44.4,1.94,44.8,0.33,37.5,0.44,-0.1,356,0.61,42.8,33.3,1890,3.9,1.63,1.44
Summer,Rainbow7,S8,LAN,25,60.00%,1.39,1824,132,34:52:00,12.9,9.2,7,5.3,48,48,2.08,59.5,0.56,58.3,0.76,0,593,0.8,60.8,34.4,1923,3.1,1.18,1.53
Summer,Rebirth eSports,S8,LAS,36,58.30%,1.03,1774,57,32:33:00,10.6,10.3,6.7,5.4,44.4,58.3,2.28,69.4,0.39,38.9,0.86,0.3,381,0.61,54.7,33.2,1683,3.3,1.45,1.2
Summer,Red Canids,S8,BR,16,31.30%,1.02,1719,-92,34:44:00,12.1,11.9,4.6,8.2,43.8,50,1.75,51.3,0.5,53.3,0.69,-0.4,121,0.38,28.1,33.1,1847,3,1.32,1.27
Summer,Resurgence,S8,SEA,10,40.00%,0.63,1689,-184,33:47:00,11.1,17.6,5.3,7.3,70,30,1.8,45.7,0.7,70,0.7,-0.3,-1402,0.9,51.7,31.1,1722,3.2,1.25,1.14
Summer,Roccat,S8,EUW,18,38.90%,0.98,1741,-53,35:43:00,11.6,11.8,5.7,7.2,66.7,55.6,1.22,39.2,0.39,41.2,0.33,0.1,-221,0.44,32.4,33.5,1742,3.6,1.51,1.33
Summer,Rogue Warriors,S8,CN,58,58.60%,0.98,1854,73,32:10:00,12.9,13.2,6.3,5.1,44.8,48.3,1.93,53.9,-,-,-,-,-,0.71,60,35.2,1890,3.4,1.22,1.45
Summer,RoX,S8,CIS,18,44.40%,0.81,1755,-37,35:15:00,11.4,13.9,5.9,6.7,44.4,38.9,1.39,46,0.28,29.4,0.39,-0.3,-470,0.44,36.5,34.6,1948,3.2,1.35,1.46
Summer,Royal Bandits,S8,TR,41,75.60%,1.49,1904,229,31:59:00,16.4,11,7.5,4.2,43.9,63.4,1.95,62.7,0.51,53.8,0.71,0.8,1416,0.71,67.1,33.7,2154,3.1,1.19,1.33
Summer,Royal Never Give Up,S8,CN,73,64.40%,1.27,1831,104,34:33:00,13.2,10.3,7.2,5.2,47.9,63,1.97,57.4,0.12,75,0.42,1.3,617,0.66,57.2,34.1,1801,3.3,1.42,1.56
Summer,SCARZ Burning Core,S8,JP,27,40.70%,0.84,1704,-69,35:05:00,12.1,14.3,5.8,6.3,48.1,59.3,2.26,61.2,0.48,54.2,0.81,0,-223,0.59,43.2,31.3,1950,3.3,1.42,1.2
Summer,SK Telecom T1,S8,KR,53,45.30%,0.91,1761,-33,34:14:00,8.9,9.8,5.6,6.2,49.1,43.4,2.06,54.1,0.43,52.3,0.73,-0.1,-288,0.6,45.8,35.2,1711,3.7,1.46,1.53
Summer,Snake Esports,S8,CN,47,42.60%,0.93,1747,-77,33:43:00,10.4,11.2,5.1,6.8,42.6,25.5,1.49,40,-,-,-,-,0,0.53,44.8,34.5,1656,3.7,1.43,1.43
Summer,Splyce,S8,EUW,37,45.90%,1.09,1723,-65,36:06:00,11,10.1,5.7,7.4,59.5,40.5,2,48.3,0.27,27,0.73,-0.4,-472,0.68,45.1,33.1,1802,3.4,1.49,1.48
Summer,Suning Gaming,S8,CN,51,54.90%,1.32,1835,83,34:41:00,13.8,10.5,6.4,5.4,56.9,56.9,1.94,54,-,-,-,-,-,0.57,58.7,35,1719,3.3,1.41,1.49
Summer,Szata Maga+6,S8,EUW,9,66.70%,1.48,1753,-8,37:50:00,14.3,9.7,7.1,6.9,66.7,22.2,1.67,33.8,0.67,66.7,0.33,-1,-1609,1,56.3,32.5,2006,3.3,1.32,1.29
Summer,Team Afro,S8,TW,34,32.40%,0.72,1642,-187,36:30:00,9.4,13.1,4.5,7.7,52.9,44.1,1.5,35.7,0.44,48.4,0.56,-0.2,-864,0.53,36.1,32.8,1745,3.2,1.33,1.32
Summer,Team Anything,S8,SEA,6,16.70%,0.87,1717,-312,32:36:00,19.8,22.8,3.5,10.5,66.7,33.3,1,27.8,0.17,16.7,0.33,-0.7,-1283,0,0,29.9,2164,2.7,1,0.91
Summer,Team Atlantis,S8,EUW,3,33.30%,0.52,1597,-315,40:29:00,11.3,21.7,6.7,8,33.3,33.3,1.67,36.5,0.33,33.3,0.67,0.3,-1065,0.67,16.7,28.4,1989,3.3,1.44,1.22
Summer,Team Aurora,S8,TR,28,28.60%,0.78,1722,-113,34:19:00,12.2,15.7,5.5,6.7,53.6,28.6,1.39,37.5,0.43,42.9,0.5,-0.6,-813,0.68,44.9,32.1,1942,3,1.2,1.2
Summer,Team Battlecomics,S8,KR,9,66.70%,0.94,1847,81,35:55:00,10.9,11.4,7.3,4.8,66.7,66.7,2.89,67,0.44,50,0.89,0.4,423,1,66.7,36.1,1712,3.7,1.46,1.75
Summer,Team Furca,S8,CZ,10,40.00%,0.75,1778,-89,30:16:00,16.3,21.6,5.2,6,10,60,1,35,0.3,30,0.3,-0.1,-564,0.5,35,30.7,2082,2.3,0.78,1.1
Summer,Team Just Alpha,S8,CIS,23,56.50%,1.22,1796,70,37:19:00,16.4,13.5,7.2,5.4,65.2,87,2.48,58.1,0.52,52.2,0.65,0.7,1145,1.04,60.2,32.2,2075,3.6,1.42,1.35
Summer,Team Liquid,S8,NA,35,65.70%,1.17,1836,109,32:28:00,11.1,9.5,6.9,4.8,51.4,42.9,2.49,66.6,0.49,50,0.86,-0.1,308,0.63,57.8,35.4,1744,3.5,1.36,1.46
Summer,Team Liquid Academy,S8,NA,22,59.10%,1.2,1857,140,32:20:00,13.1,10.9,6.8,4.6,40.9,54.5,2.09,62.7,0.5,57.9,0.81,0.5,921,0.73,57.9,34.7,1747,3,1.3,1.15
Summer,Team Mineski,S8,SEA,10,50.00%,1.08,1894,102,31:39:00,17.6,16.2,6.9,6.2,70,70,1.3,41.8,0.4,40,0.3,0.3,1254,0.9,66.7,32.1,2312,2.7,0.89,1.2
Summer,Team SoloMid,S8,NA,41,53.70%,1.15,1803,64,34:47:00,11.5,9.9,6.9,6,53.7,31.7,2.17,55,0.56,57.5,0.68,-0.4,24,0.85,61.8,34.8,1899,3.3,1.28,1.19
Summer,Team Vitality,S8,EUW,34,61.80%,1.09,1828,111,33:07:00,13.4,12.1,7.3,5.1,47.1,64.7,1.91,65.9,0.59,58.8,0.65,0.5,1017,0.85,61.5,33,1852,3.3,1.2,1.35
Summer,Team WE,S8,CN,48,39.60%,0.9,1763,-27,35:16:00,10.6,11.7,5.5,6.8,39.6,45.8,1.85,47.9,-,-,-,-,-,0.65,47.5,34,1831,3.3,1.22,1.49
Summer,Tectonic,S8,OCE,22,27.30%,0.62,1684,-218,32:50:00,9.4,15,4.5,8.1,18.2,36.4,1.23,35.6,0.5,50,0.41,0,-748,0.41,26.1,32.2,1826,3.1,1.26,1.05
Summer,Topsports Gaming,S8,CN,55,47.30%,0.94,1791,-24,34:01:00,12.1,13,6.3,5.7,52.7,56.4,1.93,52,-,-,-,-,0,0.6,45.9,34,1772,3.3,1.29,1.48
Summer,TSM Academy,S8,NA,18,38.90%,0.8,1670,-150,34:32:00,8.7,10.9,4.9,7.4,77.8,27.8,1.89,50.8,0.5,50,0.67,-0.8,-1338,0.5,32.3,32.8,1507,2.7,1.08,1.09
Summer,Turing eSports,S8,EUW,3,33.30%,0.67,1692,-212,35:23:00,8.7,13,5,8.3,33.3,33.3,1.67,38.3,0,0,0.67,-1,-1216,0.33,33.3,33.7,1735,3,1.13,1.19
Summer,Unicorns Of Love,S8,EUW,18,38.90%,0.69,1718,-137,31:15:00,9.6,13.7,5.4,7,50,33.3,0.83,37.5,0.39,41.2,0.28,-0.6,-1439,0.67,47.2,33,1694,3.1,1.13,1.15
Summer,Unsold Stuff Gaming,S8,JP,36,47.20%,0.84,1704,-58,34:12:00,9.5,11.3,4.9,6.5,38.9,33.3,1.5,45,0.33,35.3,0.42,-0.4,-572,0.58,44.8,33,1689,3.2,1.17,1.31
Summer,V3 Esports,S8,JP,25,40.00%,0.95,1686,-114,33:54:00,12.4,13,5,6.9,44,44,1.36,37.3,0.44,44,0.32,-0.4,-725,0.68,42,31,2060,2.9,1.14,1.19
Summer,Vaevictis eSports,S8,CIS,14,21.40%,0.73,1620,-279,35:20:00,11.2,15.3,4.1,8.4,71.4,35.7,1.43,32.6,0.36,35.7,0.36,-0.7,-1336,0.43,28.6,30.8,1869,3.3,1.39,1.21
Summer,Vega Squadron,S8,CIS,14,50.00%,1.01,1810,76,33:24:00,14.2,14.1,5.9,5.6,35.7,57.1,1.5,53.3,0.57,57.1,0.64,0.4,453,0.71,59.7,32.4,2030,3,1.3,1.35
Summer,Vici Gaming,S8,CN,46,21.70%,0.63,1679,-235,33:57:00,10.6,16.8,4.2,8.2,30.4,23.9,1.54,39.5,-,-,-,-,-,0.37,20.7,32.4,1804,3.1,1.22,1.26
Summer,Vikings Gaming,S8,VN,34,14.70%,0.61,1640,-418,29:57:00,11.6,18.8,2.4,8.7,32.4,5.9,0.88,31.2,0.15,15.2,0.38,-1.7,-3071,0.32,19.3,31.4,1682,2.9,1.17,1.1
Summer,Vivo Keyd,S8,BR,30,56.70%,1.32,1833,103,32:49:00,16.3,12.4,6.3,5.2,63.3,46.7,1.47,48.3,0.5,51.7,0.57,-0.3,426,0.8,64.3,32.7,1917,3.2,1.36,1.2
Summer,Vodafone Giants Gaming,S8,EUW,44,54.50%,1.17,1829,88,31:27:00,12.9,11,6.6,5.7,45.5,36.4,1.8,54.5,0.43,44.2,0.68,0,-5,0.68,58.1,33.7,1945,2.9,1.1,1.18
Summer,XD Prinfor,S8,PT,12,16.70%,0.51,1583,-344,28:49:00,7,13.8,2.5,8.7,41.7,41.7,0.42,13.2,0.08,8.3,0.25,-1.3,-1770,0.08,11.1,31.1,1415,3.1,1.12,0.98
Summer,yng Sharks,S8,PT,12,50.00%,1.01,1779,33,31:11:00,12.2,12.1,6.1,5.5,50,50,1.92,61.9,0.42,45.5,0.67,-0.2,-214,0.83,55.6,31.8,1876,2.7,0.96,1.23
Summer,YouthCrew Esports,S8,TR,33,30.30%,0.85,1755,-92,34:20:00,12.6,14.8,5.2,7.4,63.6,42.4,1.91,47.3,0.48,50,0.64,-0.1,-223,0.48,28.8,34.1,1685,3.1,1.16,1.35
Summer,Zaga Talent Gaming,S8,LAN,14,7.10%,0.58,1597,-336,34:21:00,8.3,14.4,2.9,9.3,14.3,-,1.5,33.9,0.29,28.6,0.29,-1.2,-1746,0.5,25.6,31.6,1599,3,1.11,1.01